unique_id,id,early_death_notes,temperature,life_stage,date,length,clutch_size,version,ID,X7
2N1.2_12,2N1.2,"July 28th - two adults in the tube, based on size concluded that one was 20 V2 G and that the babies belong to 12 V2 N.",12.0,birth,2016-07-04,728.923,NA,NA,NA,NA
A_12,A,NA,12.0,birth,2016-07-05,684.041,NA,NA,NA,NA
B_12,B,Dead,12.0,birth,2016-07-06,585.788,NA,NA,NA,NA
E_12,E,NA,12.0,birth,2016-07-06,671.491,NA,NA,NA,NA
F_12,F,NA,12.0,birth,2016-07-06,990.349,NA,NA,NA,NA
L_12,L,Dead,12.0,birth,2016-07-05,692.729,NA,NA,NA,NA
2N1.3_16,2N1.3,NA,16.0,birth,2016-07-04,753.614,NA,NA,NA,NA
A_16,A,NA,16.0,birth,2016-07-05,718.791,NA,NA,NA,NA
B_16,B,NA,16.0,birth,2016-07-06,738.423,NA,NA,NA,NA
E_16,E,NA,16.0,birth,2016-07-06,669.648,NA,NA,NA,NA
F_16,F,Dead July 25th,16.0,birth,2016-07-06,905.66,NA,NA,NA,NA
L_16,L,Dead July 8th,16.0,birth,2016-07-05,654.777,NA,NA,NA,NA
2N1.4_20,2N1.4,dead july 21,20.0,birth,2016-07-04,750.879,NA,NA,NA,NA
A_20,A,NA,20.0,birth,2016-07-05,687.016,NA,NA,NA,NA
B_20,B,NA,20.0,birth,2016-07-06,777.812,NA,NA,NA,NA
E_20,E,Dead July 13th,20.0,birth,2016-07-06,671.672,NA,NA,NA,NA
F_20,F,NA,20.0,birth,2016-07-06,1056.943,NA,NA,NA,NA
L_20,L,NA,20.0,birth,2016-07-05,694.335,NA,NA,NA,NA
2N1.5_24,2N1.5,NA,24.0,birth,2016-07-04,753.032,NA,NA,NA,NA
A_24,A,NA,24.0,birth,2016-07-05,695.291,NA,NA,NA,NA
B_24,B,NA,24.0,birth,2016-07-06,784.35,NA,NA,NA,NA
E_24,E,NA,24.0,birth,2016-07-06,660.422,NA,NA,NA,NA
F_24,F,NA,24.0,birth,2016-07-06,836.942,NA,NA,NA,NA
L_24,L,NA,24.0,birth,2016-07-05,732.192,NA,NA,NA,NA
2N1.1_8,2N1.1,NA,8.0,birth,2016-07-04,760.996,NA,NA,NA,NA
A_8,A,Dead July 8th,8.0,birth,2016-07-05,664.756,NA,NA,NA,NA
B_8,B,Dead July 14th,8.0,birth,2016-07-06,820.717,NA,NA,NA,NA
E_8,E,NA,8.0,birth,2016-07-06,615.529,NA,NA,NA,NA
F_8,F,NA,8.0,birth,2016-07-06,1042.315,NA,NA,NA,NA
L_8,L,Dead,8.0,birth,2016-07-05,684.449,NA,NA,NA,NA
2N1.2_12,2N1.2,"July 28th - two adults in the tube, based on size concluded that one was 20 V2 G and that the babies belong to 12 V2 N.",12.0,clutch_1,2016-07-18,1877.499,NA,NA,NA,NA
A_12,A,NA,12.0,clutch_1,2016-07-25,1856.525,4,NA,NA,NA
E_12,E,NA,12.0,clutch_1,2016-07-21,1884.591,5,NA,NA,NA
F_12,F,NA,12.0,clutch_1,2016-07-20,2014.199,5,NA,NA,NA
G_12,G,NA,12.0,clutch_1,2016-08-01,2171.0,NA,NA,NA,NA
2N1.3_16,2N1.3,NA,16.0,clutch_1,2016-07-19,2386.327,2,NA,NA,NA
A_16,A,NA,16.0,clutch_1,2016-07-19,2011.869,2,NA,NA,NA
B_16,B,NA,16.0,clutch_1,2016-07-17,1998.19,3,NA,NA,NA
F_16,F,Dead July 25th,16.0,clutch_1,2016-07-15,2270.188,5,NA,NA,NA
K_16,K,NA,16.0,clutch_1,2016-09-04,2825.929,NA,NA,NA,NA
G_16,G,July 28th - measurement of only one baby ( No other babies found),16.0,clutch_1,2016-07-28,2235.283,0,NA,NA,NA
A_20,A,NA,20.0,clutch_1,2016-07-15,2178.576,10,NA,NA,NA
B_20,B,NA,20.0,clutch_1,2016-07-14,1875.019,3,NA,NA,NA
L_20,L,NA,20.0,clutch_1,2016-07-15,1875.717,28,NA,NA,NA
K_20,K,NA,20.0,clutch_1,2016-07-27,1912.663,NA,NA,NA,NA
G_20,G,July 28th - Georgia couldn`t find the Daphnia. Found 2 adults in 12 V2 N and based on size concluded that one was the 20 V2 G./ Dead Aug 8th,20.0,clutch_1,2016-07-27,2394.311,2,NA,NA,NA
2N1.5_24,2N1.5,NA,24.0,clutch_1,2016-07-17,2390.092,9,NA,NA,NA
A_24,A,NA,24.0,clutch_1,2016-07-13,1854.054,1,NA,NA,NA
B_24,B,NA,24.0,clutch_1,2016-07-13,2041.427,0,NA,NA,NA
E_24,E,NA,24.0,clutch_1,2016-07-12,1899.974,0,NA,NA,NA
F_24,F,NA,24.0,clutch_1,2016-07-11,1982.991,7,NA,NA,NA
L_24,L,NA,24.0,clutch_1,2016-07-13,1744.941,NA,NA,NA,NA
E_8,E,NA,8.0,clutch_1,2016-08-04,1839.887,7,NA,NA,NA
F_8,F,NA,8.0,clutch_1,2016-07-28,2048.017,NA,NA,NA,NA
2N1.2_12,2N1.2,"July 28th - two adults in the tube, based on size concluded that one was 20 V2 G and that the babies belong to 12 V2 N.",12.0,clutch_2,2016-07-23,2024.381,8,NA,NA,NA
E_12,E,NA,12.0,clutch_2,2016-07-27,2016.739,NA,NA,NA,NA
F_12,F,NA,12.0,clutch_2,2016-07-25,2185.278,9,NA,NA,NA
2N1.3_16,2N1.3,NA,16.0,clutch_2,2016-07-23,2564.148,4,NA,NA,NA
B_16,B,NA,16.0,clutch_2,2016-07-20,2191.355,NA,NA,NA,NA
E_16,E,NA,16.0,clutch_2,2016-07-20,1969.135,10,NA,NA,NA
F_16,F,Dead July 25th,16.0,clutch_2,2016-07-18,2120.869,4,NA,NA,NA
K_16,K,NA,16.0,clutch_2,2016-09-07,2911.878,NA,NA,NA,NA
2N1.4_20,2N1.4,dead july 21,20.0,clutch_2,2016-07-19,2510.064,NA,NA,NA,NA
A_20,A,NA,20.0,clutch_2,2016-07-17,2152.845,9,NA,NA,NA
B_20,B,NA,20.0,clutch_2,2016-07-19,2191.355,5,NA,NA,NA
F_20,F,NA,20.0,clutch_2,2016-07-19,2468.559,NA,NA,NA,NA
2N1.5_24,2N1.5,NA,24.0,clutch_2,2016-07-18,2415.681,18,NA,NA,NA
B_24,B,NA,24.0,clutch_2,2016-07-15,2175.511,12,NA,NA,NA
E_24,E,NA,24.0,clutch_2,2016-07-14,1988.416,18,NA,NA,NA
F_24,F,NA,24.0,clutch_2,2016-07-15,2270.188,22,NA,NA,NA
E_8,E,NA,8.0,clutch_2,2016-08-13,2048.905,NA,NA,NA,NA
F_8,F,NA,8.0,clutch_2,2016-08-08,2185.218,NA,NA,NA,NA
2N1.2_12,2N1.2,"July 28th - two adults in the tube, based on size concluded that one was 20 V2 G and that the babies belong to 12 V2 N.",12.0,clutch_3,2016-07-28,2002.256,NA,NA,NA,NA
E_12,E,NA,12.0,clutch_3,2016-08-01,2029.892,2,NA,NA,NA
2N1.3_16,2N1.3,NA,16.0,clutch_3,2016-08-01,2751.911,0,NA,NA,NA
A_16,A,NA,16.0,clutch_3,2016-08-12,2755.235,NA,NA,NA,NA
B_16,B,NA,16.0,clutch_3,2016-08-12,2896.866,NA,NA,NA,NA
E_16,E,NA,16.0,clutch_3,2016-07-23,2202.931,10,NA,NA,NA
F_16,F,Dead July 25th,16.0,clutch_3,2016-07-19,2118.573,2,NA,NA,NA
K_16,K,NA,16.0,clutch_3,2016-09-12,3052.33,NA,NA,NA,NA
G_16,G,July 28th - measurement of only one baby ( No other babies found),16.0,clutch_3,2016-09-02,3159.927,NA,NA,NA,NA
A_20,A,NA,20.0,clutch_3,2016-07-20,2653.179,NA,NA,NA,NA
B_20,B,NA,20.0,clutch_3,2016-07-22,2685.214,NA,NA,NA,NA
F_20,F,NA,20.0,clutch_3,2016-07-21,2624.694,NA,NA,NA,NA
L_20,L,NA,20.0,clutch_3,2016-07-20,2167.909,NA,NA,NA,NA
K_20,K,NA,20.0,clutch_3,2016-08-02,2449.145,0,NA,NA,NA
G_20,G,July 28th - Georgia couldn`t find the Daphnia. Found 2 adults in 12 V2 N and based on size concluded that one was the 20 V2 G./ Dead Aug 8th,20.0,clutch_3,2016-08-05,2492.483,10,NA,NA,NA
2N1.5_24,2N1.5,NA,24.0,clutch_3,2016-07-20,2550.536,NA,NA,NA,NA
A_24,A,NA,24.0,clutch_3,2016-07-18,2124.901,8,NA,NA,NA
F_24,F,NA,24.0,clutch_3,2016-07-17,2393.659,16,NA,NA,NA
L_24,L,NA,24.0,clutch_3,2016-07-18,2172.003,4,NA,NA,NA
E_8,E,NA,8.0,clutch_3,2016-08-23,2256.24,NA,NA,NA,NA
F_8,F,NA,8.0,clutch_3,2016-08-25,2341.339,NA,NA,NA,NA
2N1.2_12,2N1.2,"July 28th - two adults in the tube, based on size concluded that one was 20 V2 G and that the babies belong to 12 V2 N.",12.0,clutch_4,2016-07-29,2135.284,NA,NA,NA,NA
E_12,E,NA,12.0,clutch_4,2016-08-08,2417.794,NA,NA,NA,NA
F_12,F,NA,12.0,clutch_4,2016-08-11,2647.543,11,NA,NA,NA
2N1.3_16,2N1.3,NA,16.0,clutch_4,2016-08-04,2762.431,9,NA,NA,NA
B_16,B,NA,16.0,clutch_4,2016-09-06,3327.664,NA,NA,NA,NA
E_16,E,NA,16.0,clutch_4,2016-08-01,2431.284,2,NA,NA,NA
G_16,G,July 28th - measurement of only one baby ( No other babies found),16.0,clutch_4,2016-09-06,3259.438,NA,NA,NA,NA
A_20,A,NA,20.0,clutch_4,2016-07-22,2750.916,NA,NA,NA,NA
F_20,F,NA,20.0,clutch_4,2016-07-22,2624.694,NA,NA,NA,NA
L_20,L,NA,20.0,clutch_4,2016-07-23,2343.901,NA,NA,NA,NA
K_20,K,NA,20.0,clutch_4,2016-08-04,2460.179,NA,NA,NA,NA
2N1.5_24,2N1.5,NA,24.0,clutch_4,2016-07-22,2723.807,NA,NA,NA,NA
A_24,A,NA,24.0,clutch_4,2016-07-19,2330.235,NA,NA,NA,NA
B_24,B,NA,24.0,clutch_4,2016-07-18,2452.862,17,NA,NA,NA
L_24,L,NA,24.0,clutch_4,2016-07-20,2267.649,NA,NA,NA,NA
E_8,E,NA,8.0,clutch_4,2016-09-02,2380.458,NA,NA,NA,NA
F_8,F,NA,8.0,clutch_4,2016-09-04,2498.741,NA,NA,NA,NA
NA,NA,NA,8.0,NA,2016-06-29,877.835,NA,1.0,2G.1.1,NA
NA,NA,NA,8.0,NA,2016-06-29,863.541,NA,1.0,1K.1.2,NA
NA,NA,NA,8.0,NA,2016-07-04,760.996,NA,2.0,2N1.1,NA
NA,NA,NA,8.0,NA,2016-07-05,684.449,NA,2.0,L,NA
NA,NA,NA,8.0,NA,2016-07-05,664.756,NA,2.0,A,NA
NA,NA,NA,8.0,NA,2016-07-06,615.529,NA,2.0,E,NA
NA,NA,NA,8.0,NA,2016-07-06,1042.315,NA,2.0,F,NA
NA,NA,NA,8.0,NA,2016-07-06,820.717,NA,2.0,B,NA
NA,NA,NA,8.0,1,2016-07-18,1829.989,NA,1.0,1B13,NA
NA,NA,NA,8.0,1,2016-07-18,615.005,NA,1.0,B.2.1.1,NA
NA,NA,NA,8.0,1,2016-07-18,620.068,NA,1.0,B.2.1.2,NA
NA,NA,NA,8.0,1,2016-07-18,588.383,NA,1.0,B.2.1.3,NA
NA,NA,NA,8.0,1,2016-07-18,2029.284,NA,1.0,1A13,NA
NA,NA,NA,8.0,1,2016-07-18,656.899,NA,1.0,A.2.1.1,NA
NA,NA,NA,8.0,1,2016-07-18,657.188,NA,1.0,A.2.1.2,NA
NA,NA,NA,8.0,1,2016-07-18,645.608,NA,1.0,A.2.1.3,NA
NA,NA,NA,8.0,1,2016-07-18,1934.269,NA,1.0,1C11,NA
NA,NA,NA,8.0,1,2016-07-18,616.166,NA,1.0,C.2.1.1,NA
NA,NA,NA,8.0,1,2016-07-18,612.588,NA,1.0,C.2.1.2,NA
NA,NA,NA,8.0,1,2016-07-18,593.647,NA,1.0,C.2.1.3,NA
NA,NA,NA,8.0,1,2016-07-19,1980.772,NA,1.0,1F11,NA
NA,NA,NA,8.0,1,2016-07-19,679.519,NA,1.0,F.2.1.1,NA
NA,NA,NA,8.0,1,2016-07-19,663.825,NA,1.0,F.2.1.2,NA
NA,NA,NA,8.0,1,2016-07-19,680.365,NA,1.0,F.2.1.3,NA
NA,NA,NA,8.0,2,2016-07-24,2162.526,NA,1.0,1C11,NA
NA,NA,NA,8.0,2,2016-07-25,1835.768,NA,1.0,1B13,NA
NA,NA,NA,8.0,2,2016-07-27,2058.789,NA,1.0,2A13,NA
NA,NA,NA,8.0,2,2016-07-28,2160.09,NA,1.0,1F11,NA
NA,NA,NA,8.0,1,2016-07-28,2048.017,NA,2.0,F,NA
NA,NA,NA,8.0,1,2016-07-28,634.878,NA,2.0,F.1.A,NA
NA,NA,NA,8.0,1,2016-07-28,631.837,NA,2.0,F.1.B,NA
NA,NA,NA,8.0,1,2016-07-28,638.993,NA,2.0,F.1.C,NA
NA,NA,NA,8.0,3,2016-08-02,2218.595,NA,1.0,1C11,NA
NA,NA,NA,8.0,3,2016-08-03,2029.782,NA,1.0,B13,NA
NA,NA,NA,8.0,1,2016-08-04,1839.887,NA,2.0,E,NA
NA,NA,NA,8.0,1,2016-08-04,600.859,NA,2.0,E.1.A,NA
NA,NA,NA,8.0,1,2016-08-04,596.81,NA,2.0,E.1.B,NA
NA,NA,NA,8.0,1,2016-08-04,558.522,NA,2.0,E.1.C,NA
NA,NA,NA,8.0,3,2016-08-05,2235.138,NA,1.0,2A13,NA
NA,NA,NA,8.0,2,2016-08-08,2185.218,NA,2.0,F,NA
NA,NA,NA,8.0,3,2016-08-08,2281.256,NA,1.0,1F1.1,NA
NA,NA,NA,8.0,4,2016-08-12,2156.358,NA,1.0,B,NA
NA,NA,NA,8.0,4,2016-08-12,651.464,NA,1.0,B.4.A,NA
NA,NA,NA,8.0,4,2016-08-12,567.754,NA,1.0,B.4.B,NA
NA,NA,NA,8.0,4,2016-08-12,583.683,NA,1.0,B.4.C,NA
NA,NA,NA,8.0,2,2016-08-13,2048.905,NA,2.0,E,NA
NA,NA,NA,8.0,4,2016-08-15,2355.281,NA,1.0,2A13,NA
NA,NA,NA,8.0,4,2016-08-15,574.927,NA,1.0,2A13.4.A,NA
NA,NA,NA,8.0,4,2016-08-15,618.777,NA,1.0,2A13.4.B,NA
NA,NA,NA,8.0,4,2016-08-15,596.707,NA,1.0,2A13.4.C,NA
NA,NA,NA,8.0,4,2016-08-16,647.6,NA,1.0,1F11.4.A,NA
NA,NA,NA,8.0,4,2016-08-16,676.82,NA,1.0,1F11.4.B,NA
NA,NA,NA,8.0,4,2016-08-16,599.552,NA,1.0,1F11.4.C,NA
NA,NA,NA,8.0,4,2016-08-16,2410.065,NA,1.0,1F11,NA
NA,NA,NA,12.0,NA,2016-05-31,1842.845,NA,2.0,D6,NA
NA,NA,NA,12.0,NA,2016-06-01,1743.397,NA,2.0,D6,NA
NA,NA,NA,12.0,NA,2016-06-01,1808.494,NA,2.0,D5,NA
NA,NA,NA,12.0,NA,2016-06-01,1606.96,NA,2.0,D4,NA
NA,NA,NA,12.0,NA,2016-06-01,1745.779,NA,2.0,D3,NA
NA,NA,NA,12.0,NA,2016-06-01,1688.621,NA,2.0,D2,NA
NA,NA,NA,12.0,NA,2016-06-01,1864.301,NA,2.0,D1,NA
NA,NA,NA,12.0,NA,2016-06-01,2086.962,NA,2.0,C6,NA
NA,NA,NA,12.0,NA,2016-06-01,1923.217,NA,2.0,C5,NA
NA,NA,NA,12.0,NA,2016-06-01,1732.204,NA,2.0,C4,NA
NA,NA,NA,12.0,NA,2016-06-01,1483.925,NA,2.0,C3,NA
NA,NA,NA,12.0,NA,2016-06-01,1654.417,NA,2.0,C1,NA
NA,NA,NA,12.0,NA,2016-06-01,1802.336,NA,2.0,B6,NA
NA,NA,NA,12.0,NA,2016-06-01,1792.281,NA,2.0,B5,NA
NA,NA,NA,12.0,NA,2016-06-01,1787.212,NA,2.0,B4,NA
NA,NA,NA,12.0,NA,2016-06-01,1487.878,NA,2.0,B3,NA
NA,NA,NA,12.0,NA,2016-06-01,1309.28,NA,2.0,B2,NA
NA,NA,NA,12.0,NA,2016-06-01,1905.407,NA,2.0,B1,NA
NA,NA,NA,12.0,NA,2016-06-01,2049.283,NA,2.0,A6,NA
NA,NA,NA,12.0,NA,2016-06-01,1966.068,NA,2.0,A5,NA
NA,NA,NA,12.0,NA,2016-06-29,861.245,NA,1.0,2G.1.2,NA
NA,NA,NA,12.0,NA,2016-06-29,853.198,NA,1.0,1K.1.1,NA
NA,NA,NA,12.0,NA,2016-07-04,728.923,NA,1.0,2N1.2,NA
NA,NA,NA,12.0,NA,2016-07-05,692.729,NA,2.0,L,NA
NA,NA,NA,12.0,NA,2016-07-05,684.041,NA,2.0,A,NA
NA,NA,NA,12.0,NA,2016-07-06,671.491,NA,2.0,E,NA
NA,NA,NA,12.0,NA,2016-07-06,990.349,NA,2.0,F,NA
NA,NA,NA,12.0,NA,2016-07-06,585.788,NA,2.0,B,NA
NA,NA,NA,12.0,1,2016-07-11,1862.472,NA,1.0,1C14,NA
NA,NA,NA,12.0,1,2016-07-11,600.772,NA,1.0,C.2.1.1,NA
NA,NA,NA,12.0,1,2016-07-11,584.411,NA,1.0,C.2.1.2,NA
NA,NA,NA,12.0,1,2016-07-11,608.068,NA,1.0,C.2.1.3,NA
NA,NA,NA,12.0,NA,2016-07-12,1926.266,NA,1.0,1F12,NA
NA,NA,NA,12.0,NA,2016-07-12,633.476,NA,1.0,F.2.1.1,NA
NA,NA,NA,12.0,NA,2016-07-12,597.718,NA,1.0,F.2.1.2,NA
NA,NA,NA,12.0,NA,2016-07-12,625.014,NA,1.0,F.2.1.3,NA
NA,NA,NA,12.0,NA,2016-07-13,1847.886,NA,1.0,1C14,NA
NA,NA,NA,12.0,NA,2016-07-13,2207.028,NA,2.0,2.E.1.1,NA
NA,NA,NA,12.0,NA,2016-07-13,662.234,NA,2.0,E.2.2.1,NA
NA,NA,NA,12.0,NA,2016-07-13,685.619,NA,2.0,E.2.2.2,NA
NA,NA,NA,12.0,NA,2016-07-13,680.682,NA,2.0,E.2.2.3,NA
NA,NA,NA,12.0,1,2016-07-13,1936.597,NA,1.0,1F12,NA
NA,NA,NA,12.0,1,2016-07-13,847.319,NA,1.0,F.2.1.1,NA
NA,NA,NA,12.0,1,2016-07-13,796.312,NA,1.0,F.2.1.2,NA
NA,NA,NA,12.0,1,2016-07-13,825.79,NA,1.0,F.2.1.3,NA
NA,NA,NA,12.0,NA,2016-07-17,740.783,NA,2.0,K,INITIAL SIZE
NA,NA,NA,12.0,NA,2016-07-17,2009.538,NA,1.0,1C14,NA
NA,NA,NA,12.0,NA,2016-07-17,2100.778,NA,1.0,1F12,NA
NA,NA,NA,12.0,NA,2016-07-17,916.6,NA,2.0,G,INITIAL SIZE
NA,NA,NA,12.0,3,2016-07-18,2269.481,NA,1.0,2E1.1,NA
NA,NA,NA,12.0,1,2016-07-18,1877.499,NA,2.0,N,NA
NA,NA,NA,12.0,1,2016-07-18,596.707,NA,2.0,N.1.A,NA
NA,NA,NA,12.0,1,2016-07-18,585.338,NA,2.0,N.1.B,NA
NA,NA,NA,12.0,1,2016-07-18,580.719,NA,2.0,N.1.C,NA
NA,NA,NA,12.0,1,2016-07-18,2152.306,NA,1.0,2G12,NA
NA,NA,NA,12.0,1,2016-07-18,692.931,NA,1.0,G.2.1.1,NA
NA,NA,NA,12.0,1,2016-07-18,707.86,NA,1.0,G.2.1.2,NA
NA,NA,NA,12.0,1,2016-07-18,725.096,NA,1.0,G.2.1.3,NA
NA,NA,NA,12.0,1,2016-07-20,2014.199,NA,2.0,F,NA
NA,NA,NA,12.0,1,2016-07-20,657.562,NA,2.0,F.1.A,NA
NA,NA,NA,12.0,1,2016-07-20,628.764,NA,2.0,F.1.B,NA
NA,NA,NA,12.0,1,2016-07-20,669.489,NA,2.0,F.1.C,NA
NA,NA,NA,12.0,1,2016-07-21,1884.591,NA,2.0,E,NA
NA,NA,NA,12.0,1,2016-07-21,621.395,NA,2.0,E.1.A,NA
NA,NA,NA,12.0,1,2016-07-21,598.341,NA,2.0,E.1.B,NA
NA,NA,NA,12.0,1,2016-07-21,541.774,NA,2.0,E.1.C,NA
NA,NA,NA,12.0,3,2016-07-21,1934.179,NA,1.0,1C14,NA
NA,NA,NA,12.0,2,2016-07-21,2280.755,NA,1.0,2G12,NA
NA,NA,NA,12.0,3,2016-07-22,2254.639,NA,1.0,1F12,NA
NA,NA,NA,12.0,4,2016-07-23,2187.925,NA,1.0,1C14,NA
NA,NA,NA,12.0,4,2016-07-23,646.013,NA,1.0,C.4.A,NA
NA,NA,NA,12.0,4,2016-07-23,711.984,NA,1.0,C.4.B,NA
NA,NA,NA,12.0,4,2016-07-23,667.56,NA,1.0,C.4.C,NA
NA,NA,NA,12.0,4,2016-07-23,2254.587,NA,1.0,2E1.1,NA
NA,NA,NA,12.0,4,2016-07-23,634.466,NA,1.0,2E.4.A,NA
NA,NA,NA,12.0,4,2016-07-23,597.594,NA,1.0,2E.4.B,NA
NA,NA,NA,12.0,4,2016-07-23,608.781,NA,1.0,2E.4.C,NA
NA,NA,NA,12.0,2,2016-07-23,2024.381,NA,2.0,N,NA
NA,NA,NA,12.0,2,2016-07-25,2185.278,NA,2.0,F,NA
NA,NA,NA,12.0,1,2016-07-25,1856.525,NA,2.0,A,NA
NA,NA,NA,12.0,1,2016-07-25,603.114,NA,2.0,A.1.A,NA
NA,NA,NA,12.0,1,2016-07-25,608.394,NA,2.0,A.1.B,NA
NA,NA,NA,12.0,1,2016-07-25,633.256,NA,2.0,A.1.C,NA
NA,NA,NA,12.0,2,2016-07-27,2016.739,NA,2.0,E,NA
NA,NA,NA,12.0,3,2016-07-28,2002.256,NA,2.0,N,NA
NA,NA,NA,12.0,3,2016-07-28,2264.684,NA,1.0,2G12,NA
NA,NA,NA,12.0,4,2016-07-29,2135.284,NA,2.0,N,NA
NA,NA,NA,12.0,4,2016-07-29,576.709,NA,2.0,N.4.A,NA
NA,NA,NA,12.0,4,2016-07-29,550.443,NA,2.0,N.4.B,NA
NA,NA,NA,12.0,4,2016-07-29,586.899,NA,2.0,N.4.C,NA
NA,NA,NA,12.0,3,2016-08-01,2029.892,NA,2.0,E,NA
NA,NA,NA,12.0,1,2016-08-01,2171.0,NA,2.0,G,NA
NA,NA,NA,12.0,1,2016-08-01,609.296,NA,2.0,G.1.A,NA
NA,NA,NA,12.0,1,2016-08-01,554.796,NA,2.0,G.1.B,NA
NA,NA,NA,12.0,1,2016-08-01,604.745,NA,2.0,G.1.C,NA
NA,NA,NA,12.0,3,2016-08-05,2508.98,NA,2.0,F,NA
NA,NA,NA,12.0,4,2016-08-08,2417.794,NA,2.0,E,NA
NA,NA,NA,12.0,4,2016-08-08,673.564,NA,2.0,E.4.A,NA
NA,NA,NA,12.0,4,2016-08-08,622.467,NA,2.0,E.4.B,NA
NA,NA,NA,12.0,4,2016-08-08,584.966,NA,2.0,E.4.C,NA
NA,NA,NA,12.0,4,2016-08-08,2664.267,NA,1.0,2G1.2,NA
NA,NA,NA,12.0,4,2016-08-08,719.082,NA,1.0,G.4.A,NA
NA,NA,NA,12.0,4,2016-08-08,747.211,NA,1.0,G.4.B,NA
NA,NA,NA,12.0,4,2016-08-08,591.131,NA,1.0,G.4.C,NA
NA,NA,NA,12.0,4,2016-08-11,2647.543,NA,2.0,F,NA
NA,NA,NA,12.0,4,2016-08-11,616.785,NA,2.0,F.4.A,NA
NA,NA,NA,12.0,4,2016-08-11,695.51,NA,2.0,F.4.B,NA
NA,NA,NA,12.0,4,2016-08-11,637.098,NA,2.0,F.4.C,NA
NA,NA,NA,16.0,NA,2016-05-31,1778.141,NA,2.0,D6,NA
NA,NA,NA,16.0,NA,2016-05-31,1886.954,NA,2.0,D5,NA
NA,NA,NA,16.0,NA,2016-05-31,1668.549,NA,2.0,D4,NA
NA,NA,NA,16.0,NA,2016-05-31,2047.91,NA,2.0,D3,NA
NA,NA,NA,16.0,NA,2016-05-31,1840.235,NA,2.0,D2,NA
NA,NA,NA,16.0,NA,2016-05-31,1925.291,NA,2.0,D1,NA
NA,NA,NA,16.0,NA,2016-05-31,2138.847,NA,2.0,C6,NA
NA,NA,NA,16.0,NA,2016-05-31,1977.008,NA,2.0,C5,NA
NA,NA,NA,16.0,NA,2016-05-31,1709.562,NA,2.0,C4,NA
NA,NA,NA,16.0,NA,2016-05-31,1933.621,NA,2.0,C3,NA
NA,NA,NA,16.0,NA,2016-05-31,1986.318,NA,2.0,C1,NA
NA,NA,NA,16.0,NA,2016-06-29,844.127,NA,1.0,2G.1.3,NA
NA,NA,NA,16.0,NA,2016-06-29,884.125,NA,1.0,1K.1.3,NA
NA,NA,NA,16.0,NA,2016-07-01,600.975,NA,2.0,E.2.1.6,NA
NA,NA,NA,16.0,NA,2016-07-01,635.235,NA,2.0,E.2.1.5,NA
NA,NA,NA,16.0,NA,2016-07-01,590.512,NA,2.0,E.2.1.4,NA
NA,NA,NA,16.0,NA,2016-07-01,586.205,NA,2.0,E.2.1.3,NA
NA,NA,NA,16.0,NA,2016-07-01,617.579,NA,2.0,E.2.1.2,NA
NA,NA,NA,16.0,NA,2016-07-01,620.658,NA,2.0,E.2.1.1,NA
NA,NA,NA,16.0,NA,2016-07-01,1980.836,NA,2.0,2E.1.5,NA
NA,NA,NA,16.0,NA,2016-07-03,592.0,NA,2.0,C.2.1.3,NA
NA,NA,NA,16.0,NA,2016-07-03,632.333,NA,2.0,C.2.1.2,NA
NA,NA,NA,16.0,NA,2016-07-03,644.037,NA,2.0,C.2.1.1,NA
NA,NA,NA,16.0,NA,2016-07-03,1899.568,NA,2.0,1C.1.5,NA
NA,NA,NA,16.0,NA,2016-07-03,665.392,NA,2.0,A.2.1.3,NA
NA,NA,NA,16.0,NA,2016-07-03,588.975,NA,2.0,A.2.1.2,NA
NA,NA,NA,16.0,NA,2016-07-03,597.496,NA,2.0,A.2.1.1,NA
NA,NA,NA,16.0,NA,2016-07-03,2101.997,NA,2.0,2.A.1.1,NA
NA,NA,NA,16.0,NA,2016-07-03,591.673,NA,2.0,B.2.1.4,NA
NA,NA,NA,16.0,NA,2016-07-03,594.776,NA,2.0,B.2.1.3,NA
NA,NA,NA,16.0,NA,2016-07-03,580.419,NA,2.0,B.2.1.2,NA
NA,NA,NA,16.0,NA,2016-07-03,577.91,NA,2.0,B.2.1.1,NA
NA,NA,NA,16.0,NA,2016-07-03,1856.937,NA,1.0,2B.1.2,NA
NA,NA,NA,16.0,NA,2016-07-04,623.925,NA,2.0,E.2.2.3,NA
NA,NA,NA,16.0,NA,2016-07-04,658.076,NA,2.0,E.2.2.2,NA
NA,NA,NA,16.0,NA,2016-07-04,651.788,NA,2.0,E.2.2.1,NA
NA,NA,NA,16.0,NA,2016-07-04,2084.029,NA,2.0,2.E.1.5,NA
NA,NA,NA,16.0,NA,2016-07-04,753.614,NA,1.0,2N1.3,NA
NA,NA,NA,16.0,NA,2016-07-05,654.777,NA,2.0,L,NA
NA,NA,NA,16.0,NA,2016-07-05,718.791,NA,2.0,A,NA
NA,NA,NA,16.0,2,2016-07-06,594.318,NA,2.0,C2.2.3,NA
NA,NA,NA,16.0,2,2016-07-06,600.859,NA,2.0,C2.2.2,NA
NA,NA,NA,16.0,2,2016-07-06,594.952,NA,2.0,C2.2.2,NA
NA,NA,NA,16.0,2,2016-07-06,2064.684,NA,1.0,1C15,NA
NA,NA,NA,16.0,1,2016-07-06,657.085,NA,2.0,F2.1.2,NA
NA,NA,NA,16.0,1,2016-07-06,637.847,NA,2.0,F2.1.1,NA
NA,NA,NA,16.0,1,2016-07-06,1965.465,NA,1.0,1F15,NA
NA,NA,NA,16.0,2,2016-07-06,575.181,NA,2.0,A2.2.3,NA
NA,NA,NA,16.0,2,2016-07-06,623.181,NA,2.0,A2.2.2,NA
NA,NA,NA,16.0,2,2016-07-06,617.35,NA,2.0,A2.2.1,NA
NA,NA,NA,16.0,2,2016-07-06,2206.016,NA,2.0,2A11,NA
NA,NA,NA,16.0,2,2016-07-06,647.25,NA,1.0,B2.2.3,NA
NA,NA,NA,16.0,2,2016-07-06,628.559,NA,1.0,B2.2.2,NA
NA,NA,NA,16.0,2,2016-07-06,641.732,NA,1.0,B2.2.1,NA
NA,NA,NA,16.0,2,2016-07-06,1969.417,NA,1.0,2B12,NA
NA,NA,NA,16.0,NA,2016-07-06,669.648,NA,2.0,E,NA
NA,NA,NA,16.0,NA,2016-07-06,905.66,NA,2.0,F,NA
NA,NA,NA,16.0,NA,2016-07-06,738.423,NA,2.0,B,NA
NA,NA,NA,16.0,3,2016-07-07,609.396,NA,1.0,E.2.3.1,NA
NA,NA,NA,16.0,3,2016-07-07,2230.501,NA,1.0,2E.15,NA
NA,NA,NA,16.0,3,2016-07-07,615.827,NA,1.0,E.2.3.2,NA
NA,NA,NA,16.0,3,2016-07-07,581.844,NA,1.0,E2.3.3,NA
NA,NA,NA,16.0,3,2016-07-09,579.908,NA,1.0,B.2.3.3,NA
NA,NA,NA,16.0,3,2016-07-09,584.22,NA,1.0,B.2.3.2,NA
NA,NA,NA,16.0,3,2016-07-09,633.067,NA,1.0,B2.3.1,NA
NA,NA,NA,16.0,3,2016-07-09,2144.232,NA,1.0,2.B.1.2,NA
NA,NA,NA,16.0,1,2016-07-09,658.175,NA,1.0,F.2.1.3,NA
NA,NA,NA,16.0,1,2016-07-09,644.527,NA,1.0,F.2.1.2,NA
NA,NA,NA,16.0,1,2016-07-09,646.266,NA,1.0,F.2.1.1,NA
NA,NA,NA,16.0,NA,2016-07-09,2191.776,NA,1.0,1F15,NA
NA,NA,NA,16.0,NA,2016-07-10,2390.472,NA,1.0,2A11,NA
NA,NA,NA,16.0,2,2016-07-10,630.166,NA,1.0,A.2.2.1,NA
NA,NA,NA,16.0,2,2016-07-10,655.468,NA,1.0,A.2.2.2,NA
NA,NA,NA,16.0,2,2016-07-10,618.422,NA,1.0,A.2.2.3,NA
NA,NA,NA,16.0,2,2016-07-10,2192.099,NA,1.0,1C15,NA
NA,NA,NA,16.0,2,2016-07-10,658.817,NA,1.0,C.2.2.1,NA
NA,NA,NA,16.0,2,2016-07-10,658.251,NA,1.0,C.2.2.2,NA
NA,NA,NA,16.0,2,2016-07-10,695.463,NA,1.0,C.2.2.3,NA
NA,NA,NA,16.0,4,2016-07-11,2311.628,NA,1.0,2.E.15,NA
NA,NA,NA,16.0,4,2016-07-11,701.257,NA,1.0,E.2.4.1,NA
NA,NA,NA,16.0,4,2016-07-11,685.629,NA,1.0,E.2.4.2,NA
NA,NA,NA,16.0,4,2016-07-11,654.64,NA,1.0,E.2.4.3,NA
NA,NA,NA,16.0,3,2016-07-13,695.927,NA,1.0,A.2.3.1,NA
NA,NA,NA,16.0,3,2016-07-13,692.106,NA,1.0,A.2.3.2,NA
NA,NA,NA,16.0,3,2016-07-13,708.61,NA,1.0,A.2.3.3,NA
NA,NA,NA,16.0,4,2016-07-13,2196.226,NA,1.0,1B12,NA
NA,NA,NA,16.0,4,2016-07-13,629.931,NA,1.0,B.2.4.1,NA
NA,NA,NA,16.0,4,2016-07-13,555.957,NA,1.0,B.2.4.2,NA
NA,NA,NA,16.0,4,2016-07-13,649.615,NA,1.0,B.2.4.3,NA
NA,NA,NA,16.0,3,2016-07-14,2283.104,NA,1.0,1C15,NA
NA,NA,NA,16.0,3,2016-07-14,810.09,NA,1.0,C.2.3.1,NA
NA,NA,NA,16.0,3,2016-07-14,824.84,NA,1.0,C.2.3.2,NA
NA,NA,NA,16.0,3,2016-07-14,845.048,NA,1.0,C.2.3.3,NA
NA,NA,NA,16.0,2,2016-07-14,2305.738,NA,1.0,1F15,NA
NA,NA,NA,16.0,2,2016-07-14,797.261,NA,1.0,F.2.2.1,NA
NA,NA,NA,16.0,2,2016-07-14,762.738,NA,1.0,F.2.2.2,NA
NA,NA,NA,16.0,2,2016-07-14,839.593,NA,1.0,F.2.2.3,NA
NA,NA,NA,16.0,1,2016-07-15,597.641,NA,2.0,F.1.A,NA
NA,NA,NA,16.0,1,2016-07-15,614.484,NA,2.0,F.1.B,NA
NA,NA,NA,16.0,1,2016-07-15,635.273,NA,2.0,F.1.C,NA
NA,NA,NA,16.0,1,2016-07-15,1893.846,NA,2.0,F,NA
NA,NA,NA,16.0,NA,2016-07-17,752.465,NA,2.0,K,INITIAL SIZE
NA,NA,NA,16.0,1,2016-07-17,1998.19,NA,2.0,B,NA
NA,NA,NA,16.0,1,2016-07-17,621.255,NA,2.0,B.1.A,NA
NA,NA,NA,16.0,1,2016-07-17,606.917,NA,2.0,B.1.B,NA
NA,NA,NA,16.0,1,2016-07-17,1826.634,NA,2.0,E,NA
NA,NA,NA,16.0,1,2016-07-17,573.257,NA,2.0,E.1.A,NA
NA,NA,NA,16.0,1,2016-07-17,560.446,NA,2.0,E.1.B,NA
NA,NA,NA,16.0,1,2016-07-17,542.123,NA,2.0,E.1.C,NA
NA,NA,NA,16.0,4,2016-07-17,2526.148,NA,1.0,2A11,NA
NA,NA,NA,16.0,4,2016-07-17,696.268,NA,1.0,A.2.4.3,NA
NA,NA,NA,16.0,4,2016-07-17,711.785,NA,1.0,A.2.4.2,NA
NA,NA,NA,16.0,4,2016-07-17,691.993,NA,1.0,A.2.4.1,NA
NA,NA,NA,16.0,NA,2016-07-17,891.702,NA,2.0,G,INITIAL SIZE
NA,NA,NA,16.0,4,2016-07-18,767.706,NA,1.0,C.2.4.1,NA
NA,NA,NA,16.0,4,2016-07-18,675.97,NA,1.0,C.2.4.2,NA
NA,NA,NA,16.0,4,2016-07-18,698.062,NA,1.0,C.2.4.3,NA
NA,NA,NA,16.0,4,2016-07-18,2320.526,NA,1.0,1C15,NA
NA,NA,NA,16.0,2,2016-07-18,2120.869,NA,2.0,F,NA
NA,NA,NA,16.0,1,2016-07-19,2386.327,NA,2.0,N,NA
NA,NA,NA,16.0,1,2016-07-19,626.351,NA,2.0,N.1.A,NA
NA,NA,NA,16.0,1,2016-07-19,650.443,NA,2.0,N.1.B,NA
NA,NA,NA,16.0,1,2016-07-19,2011.869,NA,2.0,A,NA
NA,NA,NA,16.0,1,2016-07-19,669.32,NA,2.0,A.1.A,NA
NA,NA,NA,16.0,1,2016-07-19,624.665,NA,2.0,A.1.B,NA
NA,NA,NA,16.0,4,2016-07-19,2118.573,NA,2.0,F,NA
NA,NA,NA,16.0,2,2016-07-20,2191.355,NA,2.0,B,NA
NA,NA,NA,16.0,2,2016-07-20,1969.135,NA,2.0,E,NA
NA,NA,NA,16.0,3,2016-07-20,2517.36,NA,1.0,1F15,NA
NA,NA,NA,16.0,1,2016-07-22,2520.03,NA,1.0,2G13,NA
NA,NA,NA,16.0,1,2016-07-22,711.479,NA,1.0,G.1.1.1,NA
NA,NA,NA,16.0,1,2016-07-22,718.503,NA,1.0,G.1.1.2,NA
NA,NA,NA,16.0,1,2016-07-22,690.587,NA,1.0,G.1.1.3,NA
NA,NA,NA,16.0,1,2016-07-22,2488.822,NA,1.0,1K13,NA
NA,NA,NA,16.0,1,2016-07-22,627.619,NA,1.0,K.1.1.1,NA
NA,NA,NA,16.0,1,2016-07-22,631.309,NA,1.0,K.1.1.2,NA
NA,NA,NA,16.0,1,2016-07-22,605.105,NA,1.0,K.1.1.3,NA
NA,NA,NA,16.0,2,2016-07-23,2564.148,NA,2.0,N,NA
NA,NA,NA,16.0,3,2016-07-23,2202.931,NA,2.0,E,NA
NA,NA,NA,16.0,4,2016-07-24,2668.49,NA,1.0,1F15,NA
NA,NA,NA,16.0,4,2016-07-24,645.186,NA,1.0,1F.4.A,NA
NA,NA,NA,16.0,4,2016-07-24,639.61,NA,1.0,1F.4.B,NA
NA,NA,NA,16.0,4,2016-07-24,652.156,NA,1.0,1F.4.C,NA
NA,NA,NA,16.0,1,2016-07-28,2235.283,NA,2.0,G,NA
NA,NA,NA,16.0,1,2016-07-28,518.713,NA,2.0,G.1.A,NA
NA,NA,NA,16.0,4,2016-08-01,2431.284,NA,2.0,E,NA
NA,NA,NA,16.0,4,2016-08-01,620.044,NA,2.0,E.4.A,NA
NA,NA,NA,16.0,4,2016-08-01,653.734,NA,2.0,E.4.B,NA
NA,NA,NA,16.0,4,2016-08-01,607.132,NA,2.0,E.4.C,NA
NA,NA,NA,16.0,2,2016-08-01,2415.014,NA,2.0,A,NA
NA,NA,NA,16.0,3,2016-08-01,2751.911,NA,2.0,N,NA
NA,NA,NA,16.0,4,2016-08-02,2637.805,NA,1.0,2G13,NA
NA,NA,NA,16.0,4,2016-08-02,668.743,NA,1.0,G.2.4.A,NA
NA,NA,NA,16.0,4,2016-08-02,684.101,NA,1.0,G.2.4.B,NA
NA,NA,NA,16.0,4,2016-08-02,663.986,NA,1.0,G.2.4.C,NA
NA,NA,NA,16.0,2,2016-08-02,2929.735,NA,1.0,1K13,NA
NA,NA,NA,16.0,4,2016-08-04,2762.431,NA,2.0,N,NA
NA,NA,NA,16.0,4,2016-08-04,667.641,NA,2.0,N.4.A,NA
NA,NA,NA,16.0,4,2016-08-04,689.156,NA,2.0,N.4.B,NA
NA,NA,NA,16.0,4,2016-08-04,679.182,NA,2.0,N.4.C,NA
NA,NA,NA,16.0,2,2016-08-05,2558.912,NA,2.0,G,NA
NA,NA,NA,16.0,3,2016-08-12,635.437,NA,2.0,K.3.A,NA
NA,NA,NA,16.0,3,2016-08-12,649.216,NA,2.0,K.3.B,NA
NA,NA,NA,16.0,3,2016-08-12,2357.156,NA,2.0,K,NA
NA,NA,NA,16.0,3,2016-08-12,577.374,NA,2.0,K.3.C,NA
NA,NA,NA,16.0,3,2016-08-12,2896.866,NA,2.0,B,NA
NA,NA,NA,16.0,3,2016-08-12,2755.235,NA,2.0,A,NA
NA,NA,NA,20.0,NA,2016-05-31,1758.513,NA,2.0,C6,NA
NA,NA,NA,20.0,NA,2016-05-31,1766.005,NA,2.0,C5,NA
NA,NA,NA,20.0,NA,2016-05-31,1827.279,NA,2.0,C4,NA
NA,NA,NA,20.0,NA,2016-05-31,1889.428,NA,2.0,C3,NA
NA,NA,NA,20.0,NA,2016-05-31,1940.886,NA,2.0,C1,NA
NA,NA,NA,20.0,NA,2016-05-31,1601.733,NA,2.0,B6,NA
NA,NA,NA,20.0,NA,2016-05-31,1570.362,NA,2.0,B5,NA
NA,NA,NA,20.0,NA,2016-05-31,1728.019,NA,2.0,B4,NA
NA,NA,NA,20.0,NA,2016-05-31,1989.374,NA,2.0,B3,NA
NA,NA,NA,20.0,NA,2016-05-31,2417.035,NA,2.0,B2,NA
NA,NA,NA,20.0,NA,2016-05-31,1539.805,NA,2.0,D6,NA
NA,NA,NA,20.0,NA,2016-05-31,1582.234,NA,2.0,D5,NA
NA,NA,NA,20.0,NA,2016-05-31,1592.731,NA,2.0,D4,NA
NA,NA,NA,20.0,NA,2016-05-31,1880.43,NA,2.0,D3,NA
NA,NA,NA,20.0,NA,2016-05-31,1900.338,NA,2.0,D2,NA
NA,NA,NA,20.0,NA,2016-05-31,1658.354,NA,2.0,D1,NA
NA,NA,NA,20.0,NA,2016-05-31,1676.044,NA,2.0,A6,NA
NA,NA,NA,20.0,NA,2016-05-31,1276.494,NA,2.0,A5,NA
NA,NA,NA,20.0,NA,2016-06-29,828.517,NA,1.0,2G.1.4,NA
NA,NA,NA,20.0,NA,2016-06-29,871.975,NA,1.0,1K.1.4,NA
NA,NA,NA,20.0,NA,2016-06-29,647.98,NA,2.0,B.2.1.4,NA
NA,NA,NA,20.0,NA,2016-06-29,666.475,NA,2.0,B.2.1.3,NA
NA,NA,NA,20.0,NA,2016-06-29,652.289,NA,2.0,B.2.1.2,NA
NA,NA,NA,20.0,NA,2016-06-29,642.628,NA,2.0,B.2.1.1,NA
NA,NA,NA,20.0,NA,2016-06-29,2005.013,NA,1.0,2B1.1,NA
NA,NA,NA,20.0,NA,2016-06-29,758.176,NA,2.0,E.2.1.4,NA
NA,NA,NA,20.0,NA,2016-06-29,713.278,NA,2.0,E.2.1.3,NA
NA,NA,NA,20.0,NA,2016-06-29,752.279,NA,2.0,E.2.1.2,NA
NA,NA,NA,20.0,NA,2016-06-29,744.257,NA,2.0,E.2.1.1,NA
NA,NA,NA,20.0,NA,2016-06-30,688.217,NA,2.0,A.2.2.6,NA
NA,NA,NA,20.0,NA,2016-06-30,755.859,NA,2.0,A.2.2.2,NA
NA,NA,NA,20.0,NA,2016-06-30,704.53,NA,2.0,A.2.2.5,NA
NA,NA,NA,20.0,NA,2016-06-30,698.751,NA,2.0,A.2.2.4,NA
NA,NA,NA,20.0,NA,2016-06-30,730.473,NA,2.0,A.2.2.3,NA
NA,NA,NA,20.0,NA,2016-06-30,717.763,NA,2.0,A.2.2.1,NA
NA,NA,NA,20.0,NA,2016-06-30,2144.972,NA,1.0,2A.1.2,NA
NA,NA,NA,20.0,NA,2016-07-01,718.746,NA,2.0,E.2.2.3,NA
NA,NA,NA,20.0,NA,2016-07-01,711.984,NA,2.0,E.2.2.2,NA
NA,NA,NA,20.0,NA,2016-07-01,706.689,NA,2.0,E.2.2.1,NA
NA,NA,NA,20.0,NA,2016-07-01,1885.448,NA,1.0,2E.1.2,NA
NA,NA,NA,20.0,NA,2016-07-01,301.0,NA,2.0,C.2.1.6,NA
NA,NA,NA,20.0,NA,2016-07-01,625.502,NA,2.0,C.2.1.5,NA
NA,NA,NA,20.0,NA,2016-07-01,632.65,NA,2.0,C.2.1.4,NA
NA,NA,NA,20.0,NA,2016-07-01,606.971,NA,2.0,C2.1.3,NA
NA,NA,NA,20.0,NA,2016-07-01,616.721,NA,2.0,C.2.1.2,NA
NA,NA,NA,20.0,NA,2016-07-01,629.339,NA,2.0,C.2.1.1,NA
NA,NA,NA,20.0,NA,2016-07-01,1888.016,NA,1.0,1C.1.2,NA
NA,NA,NA,20.0,NA,2016-07-01,684.14,NA,2.0,B.2.2.3,NA
NA,NA,NA,20.0,NA,2016-07-01,653.571,NA,2.0,B.2.2.2,NA
NA,NA,NA,20.0,NA,2016-07-01,696.44,NA,2.0,B.2.2.1,NA
NA,NA,NA,20.0,NA,2016-07-01,2228.164,NA,1.0,2B.1.1,NA
NA,NA,NA,20.0,NA,2016-07-02,668.264,NA,2.0,A.2.3.3,NA
NA,NA,NA,20.0,NA,2016-07-02,691.35,NA,2.0,A.2.3.2,NA
NA,NA,NA,20.0,NA,2016-07-02,683.796,NA,2.0,A.2.3.1,NA
NA,NA,NA,20.0,NA,2016-07-02,2331.409,NA,1.0,2A.1.2,NA
NA,NA,NA,20.0,NA,2016-07-03,657.546,NA,2.0,C.2.2.3,NA
NA,NA,NA,20.0,NA,2016-07-03,604.947,NA,2.0,C.2.2.2,NA
NA,NA,NA,20.0,NA,2016-07-03,614.75,NA,2.0,C.2.2.1,NA
NA,NA,NA,20.0,NA,2016-07-03,2032.059,NA,1.0,1.C.1.2,NA
NA,NA,NA,20.0,NA,2016-07-03,678.951,NA,2.0,E.2.3.3,NA
NA,NA,NA,20.0,NA,2016-07-03,681.641,NA,2.0,E.2.3.2,NA
NA,NA,NA,20.0,NA,2016-07-03,696.503,NA,2.0,E.2.3.1,NA
NA,NA,NA,20.0,NA,2016-07-03,2061.269,NA,2.0,2.E.1.2,NA
NA,NA,NA,20.0,NA,2016-07-03,676.839,NA,2.0,B.2.3.3,NA
NA,NA,NA,20.0,NA,2016-07-03,629.45,NA,2.0,B.2.3.2,NA
NA,NA,NA,20.0,NA,2016-07-03,621.448,NA,2.0,B.2.3.1,NA
NA,NA,NA,20.0,NA,2016-07-03,2259.252,NA,1.0,2B.1.1,NA
NA,NA,NA,20.0,NA,2016-07-04,699.624,NA,2.0,F.2.2.3,NA
NA,NA,NA,20.0,NA,2016-07-04,575.473,NA,2.0,F.2.2.1,NA
NA,NA,NA,20.0,NA,2016-07-04,684.13,NA,2.0,F.2.2.2,NA
NA,NA,NA,20.0,NA,2016-07-04,1893.947,NA,2.0,1.F.1.4,NA
NA,NA,NA,20.0,NA,2016-07-04,750.879,NA,1.0,2N1.4,NA
NA,NA,NA,20.0,NA,2016-07-05,694.335,NA,2.0,L,NA
NA,NA,NA,20.0,NA,2016-07-05,687.016,NA,2.0,A,NA
NA,NA,NA,20.0,4,2016-07-06,592.133,NA,2.0,B2.4.3,NA
NA,NA,NA,20.0,4,2016-07-06,586.242,NA,2.0,B2.4.2,NA
NA,NA,NA,20.0,4,2016-07-06,586.899,NA,2.0,B2.4.1,NA
NA,NA,NA,20.0,3,2016-07-06,562.096,NA,2.0,C2.3.3,NA
NA,NA,NA,20.0,3,2016-07-06,566.144,NA,2.0,C2.3.2,NA
NA,NA,NA,20.0,3,2016-07-06,591.209,NA,2.0,C2.3.1,NA
NA,NA,NA,20.0,4,2016-07-06,645.608,NA,2.0,E2.4.3,NA
NA,NA,NA,20.0,4,2016-07-06,645.254,NA,2.0,E2.4.2,NA
NA,NA,NA,20.0,4,2016-07-06,643.116,NA,2.0,E2.4.1,NA
NA,NA,NA,20.0,2,2016-07-06,650.821,NA,2.0,F2.2.3,NA
NA,NA,NA,20.0,2,2016-07-06,641.854,NA,2.0,F2.2.2,NA
NA,NA,NA,20.0,2,2016-07-06,649.897,NA,2.0,F2.2.1,NA
NA,NA,NA,20.0,3,2016-07-06,2091.038,NA,1.0,1C12,NA
NA,NA,NA,20.0,4,2016-07-06,2308.221,NA,1.0,2B11,NA
NA,NA,NA,20.0,4,2016-07-06,2140.909,NA,1.0,2E1.2,NA
NA,NA,NA,20.0,2,2016-07-06,1902.372,NA,1.0,1F14,NA
NA,NA,NA,20.0,NA,2016-07-06,671.672,NA,2.0,E,NA
NA,NA,NA,20.0,NA,2016-07-06,1056.943,NA,2.0,F,NA
NA,NA,NA,20.0,NA,2016-07-06,777.812,NA,2.0,B,NA
NA,NA,NA,20.0,4,2016-07-07,641.172,NA,1.0,A2.4.1,NA
NA,NA,NA,20.0,4,2016-07-07,629.626,NA,1.0,A.2.4.2,NA
NA,NA,NA,20.0,4,2016-07-07,2507.067,NA,1.0,2A12,NA
NA,NA,NA,20.0,4,2016-07-07,621.826,NA,1.0,A.2.4.3,NA
NA,NA,NA,20.0,4,2016-07-11,869.829,NA,1.0,A.2.4.1,NA
NA,NA,NA,20.0,4,2016-07-11,840.527,NA,1.0,A.2.4.2,NA
NA,NA,NA,20.0,4,2016-07-11,873.768,NA,1.0,A.2.4.3,NA
NA,NA,NA,20.0,4,2016-07-11,2590.992,NA,1.0,2A12,NA
NA,NA,NA,20.0,2,2016-07-11,818.941,NA,1.0,G.2.2.1,NA
NA,NA,NA,20.0,2,2016-07-11,796.837,NA,1.0,G.2.2.2,NA
NA,NA,NA,20.0,2,2016-07-11,819.114,NA,1.0,G.2.2.3,NA
NA,NA,NA,20.0,2,2016-07-11,2266.164,NA,1.0,2G14,NA
NA,NA,NA,20.0,2,2016-07-11,680.746,NA,1.0,K.2.2.3,NA
NA,NA,NA,20.0,2,2016-07-11,640.628,NA,NA,K.2.2.2,NA
NA,NA,NA,20.0,2,2016-07-11,621.644,NA,1.0,K.2.2.1,NA
NA,NA,NA,20.0,2,2016-07-11,2175.825,NA,1.0,1K14,NA
NA,NA,NA,20.0,3,2016-07-13,2181.138,NA,1.0,1K14,NA
NA,NA,NA,20.0,3,2016-07-13,654.35,NA,2.0,K.2.3.1,NA
NA,NA,NA,20.0,3,2016-07-13,663.789,NA,2.0,K.2.3.2,NA
NA,NA,NA,20.0,NA,2016-07-13,623.16,NA,2.0,K.2.2.3,NA
NA,NA,NA,20.0,NA,2016-07-13,688.954,NA,2.0,G.2.3.1,NA
NA,NA,NA,20.0,NA,2016-07-13,707.33,NA,2.0,G.2.3.2,NA
NA,NA,NA,20.0,NA,2016-07-13,2339.033,NA,1.0,2G14,NA
NA,NA,NA,20.0,NA,2016-07-13,2498.48,NA,1.0,2A11,NA
NA,NA,NA,20.0,NA,2016-07-13,1776.944,NA,2.0,V2.E,NA
NA,NA,NA,20.0,NA,2016-07-13,2214.914,NA,2.0,V2.F,NA
NA,NA,NA,20.0,NA,2016-07-13,2116.446,NA,2.0,V2.N,NA
NA,NA,NA,20.0,NA,2016-07-13,1694.569,NA,2.0,V2.L,NA
NA,NA,NA,20.0,1,2016-07-13,647.25,NA,2.0,V2.F.1.A,NA
NA,NA,NA,20.0,1,2016-07-13,652.587,NA,2.0,V2.F.1.B,NA
NA,NA,NA,20.0,1,2016-07-13,668.733,NA,2.0,V2.F.1.C,NA
NA,NA,NA,20.0,1,2016-07-13,651.414,NA,2.0,V2.E.1.A,NA
NA,NA,NA,20.0,1,2016-07-13,632.912,NA,2.0,V2.E.1.B,NA
NA,NA,NA,20.0,1,2016-07-13,640.917,NA,2.0,V2.E.1.C,NA
NA,NA,NA,20.0,1,2016-07-13,591.382,NA,2.0,V2.L.1.A,NA
NA,NA,NA,20.0,1,2016-07-13,571.724,NA,2.0,V2.L.1.B,NA
NA,NA,NA,20.0,1,2016-07-13,547.498,NA,2.0,V2.L.1.C,NA
NA,NA,NA,20.0,1,2016-07-13,605.375,NA,2.0,V2.N.1.A,NA
NA,NA,NA,20.0,1,2016-07-13,662.971,NA,2.0,V2.N.1.B,NA
NA,NA,NA,20.0,1,2016-07-13,610.593,NA,2.0,V2.N.1.C,NA
NA,NA,NA,20.0,2,2016-07-14,682.74,NA,2.0,V2.B.2.B,NA
NA,NA,NA,20.0,2,2016-07-14,492.212,NA,2.0,V2.B.C,NA
NA,NA,NA,20.0,2,2016-07-14,1875.019,NA,2.0,V2.B,NA
NA,NA,NA,20.0,1,2016-07-15,709.406,NA,2.0,A.1.A,NA
NA,NA,NA,20.0,1,2016-07-15,637.549,NA,2.0,A.1.B,NA
NA,NA,NA,20.0,1,2016-07-15,608.212,NA,2.0,A.1.C,NA
NA,NA,NA,20.0,1,2016-07-15,2178.576,NA,2.0,A,NA
NA,NA,NA,20.0,1,2016-07-15,1875.717,NA,2.0,L,NA
NA,NA,NA,20.0,1,2016-07-15,574.309,NA,2.0,L.1.A,NA
NA,NA,NA,20.0,1,2016-07-15,580.385,NA,2.0,L.1.B,NA
NA,NA,NA,20.0,1,2016-07-15,597.543,NA,2.0,L.1.C,NA
NA,NA,NA,20.0,4,2016-07-15,688.903,NA,1.0,G.2.4.1,NA
NA,NA,NA,20.0,4,2016-07-15,706.704,NA,1.0,G.2.4.2,NA
NA,NA,NA,20.0,4,2016-07-15,700.135,NA,1.0,G.2.4.3,NA
NA,NA,NA,20.0,4,2016-07-15,2498.606,NA,1.0,2G14,NA
NA,NA,NA,20.0,4,2016-07-17,756.597,NA,1.0,K.2.4.1,NA
NA,NA,NA,20.0,4,2016-07-17,761.228,NA,1.0,K.2.4.2,NA
NA,NA,NA,20.0,4,2016-07-17,762.406,NA,1.0,K.2.4.3,NA
NA,NA,NA,20.0,1,2016-07-17,2364.076,NA,2.0,F,NA
NA,NA,NA,20.0,1,2016-07-17,792.659,NA,2.0,F.1.A,NA
NA,NA,NA,20.0,1,2016-07-17,808.854,NA,2.0,F.1.B,NA
NA,NA,NA,20.0,1,2016-07-17,777.318,NA,2.0,F.1.C,NA
NA,NA,NA,20.0,1,2016-07-17,2407.241,NA,2.0,N,NA
NA,NA,NA,20.0,1,2016-07-17,733.862,NA,2.0,N.1.A,NA
NA,NA,NA,20.0,1,2016-07-17,726.12,NA,2.0,N.1.B,NA
NA,NA,NA,20.0,1,2016-07-17,794.595,NA,2.0,N.1.C,NA
NA,NA,NA,20.0,2,2016-07-17,2152.845,NA,2.0,A,NA
NA,NA,NA,20.0,NA,2016-07-17,934.195,NA,2.0,G,INITIAL SIZE
NA,NA,NA,20.0,2,2016-07-18,2011.688,NA,2.0,L,NA
NA,NA,NA,20.0,2,2016-07-19,2468.559,NA,2.0,F,NA
NA,NA,NA,20.0,2,2016-07-19,2520.958,NA,2.0,B,NA
NA,NA,NA,20.0,2,2016-07-19,2510.064,NA,2.0,N,NA
NA,NA,NA,20.0,3,2016-07-20,2167.909,NA,2.0,L,NA
NA,NA,NA,20.0,3,2016-07-20,2653.179,NA,2.0,A,NA
NA,NA,NA,20.0,4,2016-07-22,2624.694,NA,2.0,F,NA
NA,NA,NA,20.0,4,2016-07-22,962.528,NA,2.0,F.4.A,NA
NA,NA,NA,20.0,4,2016-07-22,981.458,NA,2.0,F.4.B,NA
NA,NA,NA,20.0,4,2016-07-22,961.821,NA,2.0,F.4.C,NA
NA,NA,NA,20.0,4,2016-07-22,2750.916,NA,2.0,A,NA
NA,NA,NA,20.0,4,2016-07-22,676.894,NA,2.0,A.4.A,NA
NA,NA,NA,20.0,4,2016-07-22,669.32,NA,2.0,A.4.B,NA
NA,NA,NA,20.0,4,2016-07-22,657.151,NA,2.0,A.4.C,NA
NA,NA,NA,20.0,3,2016-07-22,2685.214,NA,2.0,B,NA
NA,NA,NA,20.0,4,2016-07-23,2343.901,NA,2.0,L,NA
NA,NA,NA,20.0,4,2016-07-23,823.208,NA,2.0,L.4.A,NA
NA,NA,NA,20.0,4,2016-07-23,642.496,NA,2.0,L.4.B,NA
NA,NA,NA,20.0,4,2016-07-23,857.071,NA,2.0,L.4.C,NA
NA,NA,NA,20.0,1,2016-07-27,1912.663,NA,2.0,K,NA
NA,NA,NA,20.0,1,2016-07-27,569.838,NA,2.0,K.1.A,NA
NA,NA,NA,20.0,1,2016-07-27,516.461,NA,2.0,K.1.B,NA
NA,NA,NA,20.0,1,2016-07-27,540.824,NA,2.0,K.1.C,NA
NA,NA,NA,20.0,1,2016-07-27,2394.311,NA,2.0,G,NA
NA,NA,NA,20.0,1,2016-07-27,627.727,NA,2.0,G.1.A,NA
NA,NA,NA,20.0,1,2016-07-27,646.842,NA,2.0,G.1.B,NA
NA,NA,NA,20.0,1,2016-07-27,647.088,NA,2.0,G.1.C,NA
NA,NA,NA,20.0,4,2016-07-30,2976.778,NA,2.0,B,NA
NA,NA,NA,20.0,4,2016-07-30,806.751,NA,2.0,B.4.A,NA
NA,NA,NA,20.0,4,2016-07-30,867.519,NA,2.0,B.4.B,NA
NA,NA,NA,20.0,4,2016-07-30,802.114,NA,2.0,B.4.C,NA
NA,NA,NA,20.0,2,2016-07-30,2278.045,NA,2.0,K,NA
NA,NA,NA,20.0,3,2016-08-02,2449.145,NA,2.0,K,NA
NA,NA,NA,20.0,2,2016-08-02,2497.342,NA,2.0,G,NA
NA,NA,NA,20.0,4,2016-08-04,734.515,NA,2.0,K.4.A,NA
NA,NA,NA,20.0,4,2016-08-04,692.61,NA,2.0,K.4.B,NA
NA,NA,NA,20.0,4,2016-08-04,657.486,NA,2.0,K.4.C,NA
NA,NA,NA,20.0,4,2016-08-04,2460.179,NA,2.0,K,NA
NA,NA,NA,20.0,3,2016-08-05,2492.483,NA,1.0,G,NA
NA,NA,NA,24.0,NA,2016-05-31,1725.952,NA,2.0,D5,NA
NA,NA,NA,24.0,NA,2016-05-31,1677.182,NA,2.0,D3,NA
NA,NA,NA,24.0,NA,2016-05-31,1656.628,NA,2.0,D4,NA
NA,NA,NA,24.0,NA,2016-05-31,1818.633,NA,2.0,D2,NA
NA,NA,NA,24.0,NA,2016-05-31,1827.48,NA,2.0,D1,NA
NA,NA,NA,24.0,NA,2016-05-31,1665.027,NA,2.0,C6,NA
NA,NA,NA,24.0,NA,2016-05-31,1625.917,NA,2.0,C4,NA
NA,NA,NA,24.0,NA,2016-05-31,1781.813,NA,2.0,C3,NA
NA,NA,NA,24.0,NA,2016-05-31,1748.2,NA,2.0,C1,NA
NA,NA,NA,24.0,NA,2016-05-31,1644.765,NA,2.0,B6,NA
NA,NA,NA,24.0,NA,2016-05-31,1629.28,NA,2.0,B5,NA
NA,NA,NA,24.0,NA,2016-05-31,1744.567,NA,2.0,B4,NA
NA,NA,NA,24.0,NA,2016-05-31,1714.174,NA,2.0,B3,NA
NA,NA,NA,24.0,NA,2016-05-31,1696.495,NA,2.0,B2,NA
NA,NA,NA,24.0,NA,2016-05-31,1898.198,NA,2.0,B1,NA
NA,NA,NA,24.0,NA,2016-05-31,1469.791,NA,2.0,A6,NA
NA,NA,NA,24.0,NA,2016-05-31,1293.868,NA,2.0,A5,NA
NA,NA,NA,24.0,NA,2016-06-01,1410.251,NA,2.0,D6,NA
NA,NA,NA,24.0,NA,2016-06-01,1399.374,NA,2.0,D5,NA
NA,NA,NA,24.0,NA,2016-06-01,1780.451,NA,2.0,D4,NA
NA,NA,NA,24.0,NA,2016-06-01,1346.271,NA,2.0,D3,NA
NA,NA,NA,24.0,NA,2016-06-01,1780.159,NA,2.0,D2,NA
NA,NA,NA,24.0,NA,2016-06-01,1688.255,NA,2.0,C6,NA
NA,NA,NA,24.0,NA,2016-06-01,1716.079,NA,2.0,C5,NA
NA,NA,NA,24.0,NA,2016-06-01,1766.713,NA,2.0,C4,NA
NA,NA,NA,24.0,NA,2016-06-01,1880.101,NA,2.0,C3,NA
NA,NA,NA,24.0,NA,2016-06-01,1715.516,NA,2.0,C1,NA
NA,NA,NA,24.0,NA,2016-06-01,1461.126,NA,2.0,B6,NA
NA,NA,NA,24.0,NA,2016-06-01,1895.492,NA,2.0,B5,NA
NA,NA,NA,24.0,NA,2016-06-01,1847.23,NA,2.0,B4,NA
NA,NA,NA,24.0,NA,2016-06-01,1989.387,NA,2.0,B3,NA
NA,NA,NA,24.0,NA,2016-06-01,1918.426,NA,2.0,B2,NA
NA,NA,NA,24.0,NA,2016-06-01,1856.407,NA,2.0,B1,NA
NA,NA,NA,24.0,NA,2016-06-01,1579.873,NA,2.0,A6,NA
NA,NA,NA,24.0,NA,2016-06-01,2083.075,NA,2.0,A5,NA
NA,NA,NA,24.0,NA,2016-06-29,830.741,NA,1.0,2G.1.5,NA
NA,NA,NA,24.0,NA,2016-06-30,719.4,NA,2.0,A.2.2.7,NA
NA,NA,NA,24.0,NA,2016-06-30,728.923,NA,2.0,A.2.2.6,NA
NA,NA,NA,24.0,NA,2016-06-30,730.118,NA,2.0,A.2.2.5,NA
NA,NA,NA,24.0,NA,2016-06-30,725.961,NA,2.0,A.2.2.4,NA
NA,NA,NA,24.0,NA,2016-06-30,724.961,NA,2.0,A.2.2.3,NA
NA,NA,NA,24.0,NA,2016-06-30,738.686,NA,2.0,A.2.2.2,NA
NA,NA,NA,24.0,NA,2016-06-30,727.783,NA,2.0,A.2.2.1,NA
NA,NA,NA,24.0,NA,2016-06-30,2265.58,NA,1.0,2A.1.4,NA
NA,NA,NA,24.0,NA,2016-07-01,623.576,NA,2.0,E.2.3.12,NA
NA,NA,NA,24.0,NA,2016-07-01,578.399,NA,2.0,E.2.3.11,NA
NA,NA,NA,24.0,NA,2016-07-01,662.974,NA,2.0,E.2.3.10,NA
NA,NA,NA,24.0,NA,2016-07-01,640.767,NA,2.0,E.2.3.9,NA
NA,NA,NA,24.0,NA,2016-07-01,671.257,NA,2.0,E.2.3.8,NA
NA,NA,NA,24.0,NA,2016-07-01,619.006,NA,2.0,E.2.3.7,NA
NA,NA,NA,24.0,NA,2016-07-01,873.376,NA,2.0,E.2.3.6,NA
NA,NA,NA,24.0,NA,2016-07-01,659.452,NA,2.0,E.2.3.5,NA
NA,NA,NA,24.0,NA,2016-07-01,875.29,NA,2.0,E.2.3.4,NA
NA,NA,NA,24.0,NA,2016-07-01,652.59,NA,2.0,E.2.3.3,NA
NA,NA,NA,24.0,NA,2016-07-01,620.114,NA,2.0,E.2.3.2,NA
NA,NA,NA,24.0,NA,2016-07-01,867.983,NA,2.0,E.2.3.1,NA
NA,NA,NA,24.0,NA,2016-07-01,2061.913,NA,2.0,2.E.1.4,NA
NA,NA,NA,24.0,NA,2016-07-01,664.665,NA,2.0,C2.2.10,NA
NA,NA,NA,24.0,NA,2016-07-01,627.13,NA,2.0,C.2.2.9,NA
NA,NA,NA,24.0,NA,2016-07-01,653.524,NA,2.0,C.2.2.8,NA
NA,NA,NA,24.0,NA,2016-07-01,635.129,NA,2.0,C.2.2.7,NA
NA,NA,NA,24.0,NA,2016-07-01,644.426,NA,2.0,C.2.2.6,NA
NA,NA,NA,24.0,NA,2016-07-01,665.912,NA,2.0,C.2.2.5,NA
NA,NA,NA,24.0,NA,2016-07-01,652.971,NA,2.0,C.2.2.4,NA
NA,NA,NA,24.0,NA,2016-07-01,663.142,NA,2.0,C.2.2.3,NA
NA,NA,NA,24.0,NA,2016-07-01,665.022,NA,2.0,C.2.2.2,NA
NA,NA,NA,24.0,NA,2016-07-01,647.933,NA,2.0,C.2.1.1,NA
NA,NA,NA,24.0,NA,2016-07-01,2022.651,NA,1.0,1C.1.3,NA
NA,NA,NA,24.0,NA,2016-07-02,717.046,NA,2.0,A.2.3.6,NA
NA,NA,NA,24.0,NA,2016-07-02,690.496,NA,2.0,A.2.3.5,NA
NA,NA,NA,24.0,NA,2016-07-02,674.043,NA,2.0,A.2.3.4,NA
NA,NA,NA,24.0,NA,2016-07-02,705.05,NA,2.0,A.2.3.3,NA
NA,NA,NA,24.0,NA,2016-07-02,720.284,NA,2.0,A.2.3.2,NA
NA,NA,NA,24.0,NA,2016-07-02,721.165,NA,2.0,A.2.3.1,NA
NA,NA,NA,24.0,NA,2016-07-02,2421.574,NA,1.0,2.A.1.4,NA
NA,NA,NA,24.0,NA,2016-07-02,638.942,NA,2.0,F.2.1.3,NA
NA,NA,NA,24.0,NA,2016-07-02,670.426,NA,2.0,F.2.1.2,NA
NA,NA,NA,24.0,NA,2016-07-02,681.926,NA,2.0,F.2.1.1,NA
NA,NA,NA,24.0,NA,2016-07-02,2013.913,NA,1.0,1.F.1.3,NA
NA,NA,NA,24.0,NA,2016-07-03,613.231,NA,2.0,2.3.3,NA
NA,NA,NA,24.0,NA,2016-07-03,607.559,NA,2.0,2.3.2,NA
NA,NA,NA,24.0,NA,2016-07-03,583.788,NA,2.0,C.2.3.1,NA
NA,NA,NA,24.0,NA,2016-07-03,2100.174,NA,1.0,1.C.1.3,NA
NA,NA,NA,24.0,NA,2016-07-04,650.369,NA,2.0,F.2.2.3,NA
NA,NA,NA,24.0,NA,2016-07-04,663.631,NA,2.0,F.2.2.2,NA
NA,NA,NA,24.0,NA,2016-07-04,667.125,NA,2.0,F.2.2.1,NA
NA,NA,NA,24.0,NA,2016-07-04,693.305,NA,2.0,A.2.4.3,NA
NA,NA,NA,24.0,NA,2016-07-04,706.245,NA,2.0,A.2.4.2,NA
NA,NA,NA,24.0,NA,2016-07-04,674.03,NA,2.0,A.2.4.1,NA
NA,NA,NA,24.0,NA,2016-07-04,2110.037,NA,1.0,1.F.1.3,NA
NA,NA,NA,24.0,NA,2016-07-04,2486.226,NA,1.0,2A.1.4,NA
NA,NA,NA,24.0,NA,2016-07-05,732.192,NA,2.0,L,NA
NA,NA,NA,24.0,NA,2016-07-05,695.291,NA,2.0,A,NA
NA,NA,NA,24.0,NA,2016-07-05,2362.383,NA,1.0,2A1.2,NA
NA,NA,NA,24.0,4,2016-07-05,616.608,NA,2.0,C.2.4.3,NA
NA,NA,NA,24.0,4,2016-07-05,587.211,NA,2.0,C.2.4.2,NA
NA,NA,NA,24.0,4,2016-07-05,585.163,NA,2.0,C.2.4.1,NA
NA,NA,NA,24.0,4,2016-07-05,2256.958,NA,1.0,1C1.3,NA
NA,NA,NA,24.0,1,2016-07-05,567.938,NA,2.0,G.2.1.3,NA
NA,NA,NA,24.0,1,2016-07-05,637.457,NA,2.0,G2.1.2,NA
NA,NA,NA,24.0,1,2016-07-05,786.497,NA,2.0,G.2.1.1,NA
NA,NA,NA,24.0,1,2016-07-05,1901.465,NA,1.0,2G1.5,NA
NA,NA,NA,24.0,3,2016-07-06,651.303,NA,2.0,F2.3.3,NA
NA,NA,NA,24.0,3,2016-07-06,672.382,NA,2.0,F2.3.2,NA
NA,NA,NA,24.0,3,2016-07-06,650.634,NA,2.0,F2.3.1,NA
NA,NA,NA,24.0,2,2016-07-06,1984.295,NA,1.0,2G15,NA
NA,NA,NA,24.0,2,2016-07-06,590.442,NA,2.0,G2.2.3,NA
NA,NA,NA,24.0,2,2016-07-06,644.172,NA,2.0,G2.2.2,NA
NA,NA,NA,24.0,2,2016-07-06,636.198,NA,2.0,G2.2.1,NA
NA,NA,NA,24.0,NA,2016-07-06,660.422,NA,2.0,E,NA
NA,NA,NA,24.0,NA,2016-07-06,836.942,NA,2.0,F,NA
NA,NA,NA,24.0,NA,2016-07-06,784.35,NA,2.0,B,NA
NA,NA,NA,24.0,4,2016-07-11,618.196,NA,1.0,G.2.4.3,NA
NA,NA,NA,24.0,4,2016-07-11,776.968,NA,1.0,G.2.4.2,NA
NA,NA,NA,24.0,4,2016-07-11,781.746,NA,1.0,G.2.4.1,NA
NA,NA,NA,24.0,NA,2016-07-11,2173.067,NA,1.0,2G15,NA
NA,NA,NA,24.0,1,2016-07-11,642.709,NA,2.0,V2.F.1.A,NA
NA,NA,NA,24.0,1,2016-07-11,595.556,NA,2.0,V2.F.1.B,NA
NA,NA,NA,24.0,1,2016-07-11,628.202,NA,2.0,V2.F.1.C,NA
NA,NA,NA,24.0,1,2016-07-11,1982.991,NA,2.0,V2.F,NA
NA,NA,NA,24.0,NA,2016-07-12,1899.974,NA,2.0,V2.E,NA
NA,NA,NA,24.0,NA,2016-07-12,2164.809,NA,2.0,V2.N,NA
NA,NA,NA,24.0,1,2016-07-12,776.553,NA,2.0,V2.E.1.A,NA
NA,NA,NA,24.0,1,2016-07-12,713.21,NA,2.0,V2.E.1.B,NA
NA,NA,NA,24.0,1,2016-07-12,705.421,NA,2.0,V2.E.1.C,NA
NA,NA,NA,24.0,1,2016-07-12,769.076,NA,2.0,V2.N.1.A,NA
NA,NA,NA,24.0,1,2016-07-12,782.882,NA,2.0,V2.N.1.B,NA
NA,NA,NA,24.0,1,2016-07-12,839.17,NA,2.0,V2.N.1.C,NA
NA,NA,NA,24.0,2,2016-07-13,2173.088,NA,2.0,V2.F,NA
NA,NA,NA,24.0,NA,2016-07-13,1941.143,NA,2.0,V2.E,NA
NA,NA,NA,24.0,2,2016-07-13,615.866,NA,2.0,V2.F.2.A,NA
NA,NA,NA,24.0,2,2016-07-13,653.658,NA,2.0,V2.F.2.B,NA
NA,NA,NA,24.0,2,2016-07-13,663.5,NA,2.0,V2.F.2.C,NA
NA,NA,NA,24.0,1,2016-07-13,1744.941,NA,2.0,V2.L,NA
NA,NA,NA,24.0,1,2016-07-13,621.851,NA,2.0,V2.L.1.A,NA
NA,NA,NA,24.0,1,2016-07-13,602.218,NA,2.0,V2.L.1.B,NA
NA,NA,NA,24.0,NA,2016-07-13,543.616,NA,2.0,V2.L.1.C,NA
NA,NA,NA,24.0,NA,2016-07-13,1854.054,NA,2.0,V2.A,NA
NA,NA,NA,24.0,1,2016-07-13,605.13,NA,2.0,V2.A.1.A,NA
NA,NA,NA,24.0,1,2016-07-13,618.309,NA,2.0,V2.A.1.B,NA
NA,NA,NA,24.0,1,2016-07-13,619.055,NA,2.0,V2.A.1.C,NA
NA,NA,NA,24.0,1,2016-07-13,2041.427,NA,2.0,V2.B,NA
NA,NA,NA,24.0,1,2016-07-13,606.831,NA,2.0,V2.B.1.A,NA
NA,NA,NA,24.0,1,2016-07-13,794.858,NA,2.0,V2.B.1.B,NA
NA,NA,NA,24.0,1,2016-07-13,762.078,NA,2.0,V2.B.1.C,NA
NA,NA,NA,24.0,2,2016-07-14,1988.416,NA,2.0,V2.E,NA
NA,NA,NA,24.0,2,2016-07-14,609.839,NA,2.0,V2.E.2.A,NA
NA,NA,NA,24.0,2,2016-07-14,791.867,NA,2.0,V2.E.2.B,NA
NA,NA,NA,24.0,2,2016-07-14,822.954,NA,2.0,V2.E.2.C,NA
NA,NA,NA,24.0,2,2016-07-14,600.856,NA,2.0,V2.B.2.A,NA
NA,NA,NA,24.0,2,2016-07-15,866.061,NA,2.0,B.2.A,NA
NA,NA,NA,24.0,2,2016-07-15,852.748,NA,2.0,B.2.B,NA
NA,NA,NA,24.0,2,2016-07-15,811.498,NA,2.0,B.2.C,NA
NA,NA,NA,24.0,2,2016-07-15,2175.511,NA,2.0,B,NA
NA,NA,NA,24.0,2,2016-07-15,2270.188,NA,2.0,F,NA
NA,NA,NA,24.0,2,2016-07-15,627.782,NA,2.0,F.2.A,NA
NA,NA,NA,24.0,2,2016-07-15,630.003,NA,2.0,F.2.B,NA
NA,NA,NA,24.0,2,2016-07-15,645.986,NA,2.0,F.2.C,NA
NA,NA,NA,24.0,NA,2016-07-17,1984.839,NA,2.0,A,NA
NA,NA,NA,24.0,NA,2016-07-17,2360.917,NA,2.0,B,NA
NA,NA,NA,24.0,NA,2016-07-17,1964.738,NA,2.0,E,NA
NA,NA,NA,24.0,NA,2016-07-17,1940.239,NA,2.0,L,NA
NA,NA,NA,24.0,NA,2016-07-17,2393.659,NA,2.0,F,NA
NA,NA,NA,24.0,1,2016-07-17,2390.092,NA,2.0,N,NA
NA,NA,NA,24.0,1,2016-07-17,1143.237,NA,2.0,N.1.A,NA
NA,NA,NA,24.0,1,2016-07-17,1009.163,NA,2.0,N.1.B,NA
NA,NA,NA,24.0,1,2016-07-17,1153.861,NA,2.0,N.1.C,NA
NA,NA,NA,24.0,NA,2016-07-17,2356.139,NA,1.0,1K14,NA
NA,NA,NA,24.0,NA,2016-07-17,768.43,NA,2.0,K,INITIAL SIZE
NA,NA,NA,24.0,NA,2016-07-17,904.757,NA,2.0,G,INITIAL SIZE
NA,NA,NA,24.0,3,2016-07-18,2172.003,NA,2.0,L,NA
NA,NA,NA,24.0,2,2016-07-18,2415.681,NA,2.0,N,NA
NA,NA,NA,24.0,3,2016-07-18,2124.901,NA,2.0,A,NA
NA,NA,NA,24.0,4,2016-07-18,2452.862,NA,2.0,B,NA
NA,NA,NA,24.0,4,2016-07-18,644.209,NA,2.0,B.4.A,NA
NA,NA,NA,24.0,4,2016-07-18,613.373,NA,2.0,B.4.B,NA
NA,NA,NA,24.0,4,2016-07-18,624.103,NA,2.0,B.4.C,NA
NA,NA,NA,24.0,4,2016-07-19,2330.235,NA,2.0,A,NA
NA,NA,NA,24.0,4,2016-07-19,666.279,NA,2.0,A.4.A,NA
NA,NA,NA,24.0,4,2016-07-19,662.458,NA,2.0,A.4.B,NA
NA,NA,NA,24.0,4,2016-07-19,630.19,NA,2.0,A.4.C,NA
NA,NA,NA,24.0,4,2016-07-19,640.414,NA,2.0,F.4.A,NA
NA,NA,NA,24.0,4,2016-07-19,645.051,NA,2.0,F.4.B,NA
NA,NA,NA,24.0,4,2016-07-19,623.716,NA,2.0,F.4.C,NA
NA,NA,NA,24.0,4,2016-07-20,2267.649,NA,2.0,L,NA
NA,NA,NA,24.0,4,2016-07-20,865.99,NA,2.0,L.4.A,NA
NA,NA,NA,24.0,4,2016-07-20,838.845,NA,2.0,L.4.B,NA
NA,NA,NA,24.0,4,2016-07-20,863.327,NA,2.0,L.4.C,NA
NA,NA,NA,24.0,3,2016-07-20,2550.536,NA,2.0,N,NA
NA,NA,NA,24.0,4,2016-07-22,2723.807,NA,2.0,N,NA
NA,NA,NA,24.0,4,2016-07-22,892.596,NA,2.0,N.4.A,NA
NA,NA,NA,24.0,4,2016-07-22,869.167,NA,2.0,N.4.B,NA
NA,NA,NA,24.0,4,2016-07-22,841.387,NA,2.0,N.4.C,NA
NA,NA,NA,NA,NA,2016-06-07,2090.489,NA,NA,Julia,NA
NA,NA,NA,NA,NA,2016-06-07,2065.866,NA,NA,Kathryn,NA
NA,NA,NA,NA,NA,2016-06-07,2238.442,NA,NA,Virginia,NA
NA,NA,NA,NA,NA,2016-06-07,2179.747,NA,NA,Alice,NA
NA,NA,NA,NA,NA,2016-06-07,2324.914,NA,NA,Jasmine,NA
NA,NA,NA,NA,NA,2016-06-13,2294.793,NA,NA,Julia0.B4,NA
NA,NA,NA,NA,NA,2016-06-13,757.199,NA,NA,Julia_clutch2_B3,NA
NA,NA,NA,NA,NA,2016-06-13,NA,NA,NA,Meryl_clutch1_B2,NA
NA,NA,NA,NA,NA,2016-06-13,1484.688,NA,NA,Ronda_clutch1_B1,NA
NA,NA,NA,NA,NA,2016-06-13,1602.227,NA,NA,Julia_clutch1_A6,NA
NA,NA,NA,NA,NA,2016-06-13,2104.972,NA,NA,Sandy0_A5,NA
NA,NA,NA,NA,NA,2016-06-13,554.666,NA,NA,Kathryn_clutch2_A4,NA
NA,NA,NA,NA,NA,2016-06-13,2337.293,NA,NA,Virginia0_A3,NA
NA,NA,NA,NA,NA,2016-06-13,1596.079,NA,NA,Alice_clutch2_A2,NA
NA,NA,NA,NA,NA,2016-06-13,2448.702,NA,NA,Jasmine_A1,NA
NA,NA,NA,NA,NA,2016-06-20,1957.47,NA,NA,1Charlotte0,NA
NA,NA,NA,NA,NA,2016-06-20,2428.175,NA,NA,1Iris0,NA
NA,NA,NA,NA,NA,2016-06-20,2494.935,NA,NA,1Abigail0,NA
NA,NA,NA,NA,NA,2016-06-22,845.991,NA,NA,1D13,NA
NA,NA,NA,NA,NA,2016-06-22,675.283,NA,NA,1D12,NA
NA,NA,NA,NA,NA,2016-06-22,877.577,NA,NA,1D11,NA
NA,NA,NA,NA,NA,2016-06-22,2512.341,NA,NA,1D0,NA
NA,NA,NA,NA,NA,2016-06-22,2589.498,NA,NA,1J0,NA
NA,NA,NA,NA,NA,2016-06-24,830.379,NA,NA,1C15,NA
NA,NA,NA,NA,NA,2016-06-24,789.782,NA,NA,1C14,NA
NA,NA,NA,NA,NA,2016-06-24,830.345,NA,NA,1C13,NA
NA,NA,NA,NA,NA,2016-06-24,863.652,NA,NA,1C12,NA
NA,NA,NA,NA,NA,2016-06-24,861.682,NA,NA,1C11,NA
NA,NA,NA,NA,NA,2016-06-27,904.618,NA,NA,1F.1.5,NA
NA,NA,NA,NA,NA,2016-06-27,912.302,NA,NA,1F.1.4,NA
NA,NA,NA,NA,NA,2016-06-27,946.105,NA,NA,1F.1.3,NA
NA,NA,NA,NA,NA,2016-06-27,922.611,NA,NA,1F.1.2,NA
NA,NA,NA,NA,NA,2016-06-27,1022.545,NA,NA,1F.1.1,NA
NA,NA,NA,NA,NA,2016-06-29,1676.201,NA,NA,2E.1.2,NA
NA,NA,NA,NA,NA,2016-06-29,659.891,NA,NA,E.2.2.6,NA
NA,NA,NA,NA,NA,2016-06-29,612.068,NA,NA,E.2.2.5,NA
NA,NA,NA,NA,NA,2016-06-29,671.4,NA,NA,E.2.2.4,NA
NA,NA,NA,NA,NA,2016-06-29,665.965,NA,NA,E.2.2.3,NA
NA,NA,NA,NA,NA,2016-06-29,683.161,NA,NA,E.2.2.2,NA
NA,NA,NA,NA,NA,2016-06-29,658.45,NA,NA,E.2.2.1,NA
NA,NA,NA,NA,NA,2016-06-29,873.084,NA,NA,E.2.1.11,NA
NA,NA,NA,NA,NA,2016-06-29,791.556,NA,NA,E.2.1.10,NA
NA,NA,NA,NA,NA,2016-06-29,1095.572,NA,NA,E.2.1.9,NA
NA,NA,NA,NA,NA,2016-06-29,1115.983,NA,NA,E.2.1.8,NA
NA,NA,NA,NA,NA,2016-06-29,1100.669,NA,NA,E.2.1.7,NA
NA,NA,NA,NA,NA,2016-06-29,996.717,NA,NA,E.2.1.6,NA
NA,NA,NA,NA,NA,2016-06-29,897.686,NA,NA,E.2.1.3,NA
NA,NA,NA,NA,NA,2016-06-29,993.538,NA,NA,E.2.1.2,NA
NA,NA,NA,NA,NA,2016-06-29,1067.792,NA,NA,E.2.1.1,NA
NA,NA,NA,NA,NA,2016-06-29,2021.581,NA,NA,2E.1.4,NA
NA,NA,NA,NA,NA,2016-06-29,1064.864,NA,NA,E.2.1.4,NA
NA,NA,NA,NA,NA,2016-06-29,1065.145,NA,NA,E.2.1.5,NA
NA,NA,NA,NA,NA,2016-06-29,821.261,NA,NA,A.2.1.7,NA
NA,NA,NA,NA,NA,2016-06-29,851.603,NA,NA,A.2.1.6,NA
NA,NA,NA,NA,NA,2016-06-29,817.98,NA,NA,A.2.1.5,NA
NA,NA,NA,NA,NA,2016-06-29,858.501,NA,NA,A2.1.4,NA
NA,NA,NA,NA,NA,2016-06-29,876.762,NA,NA,A.2.1.3,NA
NA,NA,NA,NA,NA,2016-06-29,855.144,NA,NA,A.2.1.2,NA
NA,NA,NA,NA,NA,2016-06-29,845.829,NA,NA,A.2.1.1,NA
NA,NA,NA,NA,NA,2016-06-29,2122.906,NA,NA,2A.1.4,NA
NA,NA,NA,NA,NA,2016-06-29,671.935,NA,NA,C.2.1.5,NA
NA,NA,NA,NA,NA,2016-06-29,646.724,NA,NA,C.2.1.4,NA
NA,NA,NA,NA,NA,2016-06-29,679.756,NA,NA,C.2.1.3,NA
NA,NA,NA,NA,NA,2016-06-29,667.641,NA,NA,C.2.1.2,NA
NA,NA,NA,NA,NA,2016-06-29,674.912,NA,NA,C.2.1.1,NA
NA,NA,NA,NA,NA,2016-06-29,1867.21,NA,NA,1C.1.3,NA
NA,NA,NA,NA,NA,NA,624.78,NA,1.0,1K1.5,NA
NA,NA,NA,NA,NA,NA,2103.783,NA,1.0,Kathryn_CJ,NA
NA,NA,NA,NA,NA,NA,2208.794,NA,1.0,Jasmine_CJ,NA
NA,NA,NA,NA,NA,NA,2072.757,NA,1.0,Julia_CJ,NA
NA,NA,NA,NA,NA,NA,2241.42,NA,1.0,Virginia_CJ,NA
NA,NA,NA,NA,NA,NA,2074.594,NA,1.0,Alice_CJ,NA
